[
{"categoria": "Home", "url": "index.html"},
{"categoria": "Books", "url": "catalogue/category/books_1/index.html"},
{"categoria": "Travel", "url": "catalogue/category/books/travel_2/index.html"},
{"categoria": "Mystery", "url": "catalogue/category/books/mystery_3/index.html"},
{"categoria": "Historical Fiction", "url": "catalogue/category/books/historical-fiction_4/index.html"},
{"categoria": "Sequential Art", "url": "catalogue/category/books/sequential-art_5/index.html"},
{"categoria": "Classics", "url": "catalogue/category/books/classics_6/index.html"},
{"categoria": "Philosophy", "url": "catalogue/category/books/philosophy_7/index.html"},
{"categoria": "Romance", "url": "catalogue/category/books/romance_8/index.html"},
{"categoria": "Womens Fiction", "url": "catalogue/category/books/womens-fiction_9/index.html"},
{"categoria": "Fiction", "url": "catalogue/category/books/fiction_10/index.html"},
{"categoria": "Childrens", "url": "catalogue/category/books/childrens_11/index.html"},
{"categoria": "Religion", "url": "catalogue/category/books/religion_12/index.html"},
{"categoria": "Nonfiction", "url": "catalogue/category/books/nonfiction_13/index.html"},
{"categoria": "Music", "url": "catalogue/category/books/music_14/index.html"},
{"categoria": "Default", "url": "catalogue/category/books/default_15/index.html"},
{"categoria": "Science Fiction", "url": "catalogue/category/books/science-fiction_16/index.html"},
{"categoria": "Sports and Games", "url": "catalogue/category/books/sports-and-games_17/index.html"},
{"categoria": "Add a comment", "url": "catalogue/category/books/add-a-comment_18/index.html"},
{"categoria": "Fantasy", "url": "catalogue/category/books/fantasy_19/index.html"},
{"categoria": "New Adult", "url": "catalogue/category/books/new-adult_20/index.html"},
{"categoria": "Young Adult", "url": "catalogue/category/books/young-adult_21/index.html"},
{"categoria": "Science", "url": "catalogue/category/books/science_22/index.html"},
{"categoria": "Poetry", "url": "catalogue/category/books/poetry_23/index.html"},
{"categoria": "Paranormal", "url": "catalogue/category/books/paranormal_24/index.html"},
{"categoria": "Art", "url": "catalogue/category/books/art_25/index.html"},
{"categoria": "Psychology", "url": "catalogue/category/books/psychology_26/index.html"},
{"categoria": "Autobiography", "url": "catalogue/category/books/autobiography_27/index.html"},
{"categoria": "Parenting", "url": "catalogue/category/books/parenting_28/index.html"},
{"categoria": "Adult Fiction", "url": "catalogue/category/books/adult-fiction_29/index.html"},
{"categoria": "Humor", "url": "catalogue/category/books/humor_30/index.html"},
{"categoria": "Horror", "url": "catalogue/category/books/horror_31/index.html"},
{"categoria": "History", "url": "catalogue/category/books/history_32/index.html"},
{"categoria": "Food and Drink", "url": "catalogue/category/books/food-and-drink_33/index.html"},
{"categoria": "Christian Fiction", "url": "catalogue/category/books/christian-fiction_34/index.html"},
{"categoria": "Business", "url": "catalogue/category/books/business_35/index.html"},
{"categoria": "Biography", "url": "catalogue/category/books/biography_36/index.html"},
{"categoria": "Thriller", "url": "catalogue/category/books/thriller_37/index.html"},
{"categoria": "Contemporary", "url": "catalogue/category/books/contemporary_38/index.html"},
{"categoria": "Spirituality", "url": "catalogue/category/books/spirituality_39/index.html"},
{"categoria": "Academic", "url": "catalogue/category/books/academic_40/index.html"},
{"categoria": "Self Help", "url": "catalogue/category/books/self-help_41/index.html"},
{"categoria": "Historical", "url": "catalogue/category/books/historical_42/index.html"},
{"categoria": "Christian", "url": "catalogue/category/books/christian_43/index.html"},
{"categoria": "Suspense", "url": "catalogue/category/books/suspense_44/index.html"},
{"categoria": "Short Stories", "url": "catalogue/category/books/short-stories_45/index.html"},
{"categoria": "Novels", "url": "catalogue/category/books/novels_46/index.html"},
{"categoria": "Health", "url": "catalogue/category/books/health_47/index.html"},
{"categoria": "Politics", "url": "catalogue/category/books/politics_48/index.html"},
{"categoria": "Cultural", "url": "catalogue/category/books/cultural_49/index.html"},
{"categoria": "Erotica", "url": "catalogue/category/books/erotica_50/index.html"},
{"categoria": "Crime", "url": "catalogue/category/books/crime_51/index.html"}
]