[
{"title": "A Light in the Attic"},
{"title": "Tipping the Velvet"},
{"title": "Soumission"},
{"title": "Sharp Objects"},
{"title": "Sapiens: A Brief History of Humankind"},
{"title": "The Requiem Red"},
{"title": "The Dirty Little Secrets of Getting Your Dream Job"},
{"title": "The Coming Woman: A Novel Based on the Life of the Infamous Feminist, Victoria Woodhull"},
{"title": "The Boys in the Boat: Nine Americans and Their Epic Quest for Gold at the 1936 Berlin Olympics"},
{"title": "The Black Maria"},
{"title": "Starving Hearts (Triangular Trade Trilogy, #1)"},
{"title": "Shakespeare's Sonnets"},
{"title": "Set Me Free"},
{"title": "Scott Pilgrim's Precious Little Life (Scott Pilgrim #1)"},
{"title": "Rip it Up and Start Again"},
{"title": "Our Band Could Be Your Life: Scenes from the American Indie Underground, 1981-1991"},
{"title": "Olio"},
{"title": "Mesaerion: The Best Science Fiction Stories 1800-1849"},
{"title": "Libertarianism for Beginners"},
{"title": "It's Only the Himalayas"}
]